Azucena Esparza Mur;87;40404676R
Teresa Iglesia Ródenas;42;24211635H
Armida Benavent Acosta;44;75086977G
Valentín Juan Llabrés;34;75033204M
Pánfilo Benet Giner;32;48280588T
Amancio Sedano Moraleda;18;89250738C
Lina Losa Sastre;70;96662083Y
Jacobo Rebollo Valenciano;68;59870998C
Roque Garrido Requena;46;28988367H
Tito Vicente Plaza;58;88278852E
Ainoa Carrillo Iriarte;39;44805075V
Saturnina Heredia Palomino;65;98882589T
Morena Parra Almazán;89;72406212G
Delfina Albero Huertas;86;15338935M
Amanda Coello Pérez;78;49133917Y
Ofelia Fuster Manuel;80;49072236B
Fanny Ferrán Gutierrez;72;99876193G
Filomena Tomas Vilar;48;55187616J
Paulina Chico Gargallo;18;10900506R
Cesar Mata Marti;54;34956491X
Candelario Francisco Palomo;19;22461321G
Che Bayón Solano;36;51193696C
Vera Atienza Linares;54;71556954K
Bonifacio Burgos Isern;70;57641549F
Isidro Herrera Casares;52;41596875H
Emperatriz Amat Barbero;24;97387753A
Wálter Araujo Portero;44;32277505H
Maite Rivero Barroso;31;94887983B
Gervasio Blasco Malo;53;67666785A
Cristóbal Corbacho Andres;37;24273228V
Enrique Requena Jaén;38;47596024P
María Cristina Capdevila Aguilar;38;85344324H
Matilde Manzano Camino;67;94361282X
Modesta Salvà Cárdenas;42;27983630J
Cleto Alegria Amor;36;88013781A
Ildefonso Solsona Sotelo;59;85432175D
Eva Maldonado Caballero;53;11171546D
Bibiana Cañete Arenas;75;50179381M
Calixta Benítez Bermejo;84;57687349Z
Ángeles Bejarano Sales;21;57462272S
Jennifer Ruano Pozuelo;50;78426591H
Florencia Belda Hurtado;46;80276397A
Lola Codina Peiró;41;11776220J
Manu Tejedor Llanos;35;99016346N
Adelia Río Cordero;43;65290261T
Julieta Barroso Trillo;48;59289649L
Carmen Colom Maldonado;38;28118215W
Albino Sales Giner;73;36096663A
Melchor Domínguez Gómez;52;59895680T
Jorge Lopez Rosselló;89;29804838N
Benjamín Isern Báez;34;28719524E
Juan Pablo Ayllón Ponce;81;95476901Z
Iker Pujol Abellán;88;91272319Q
María Solano Corbacho;38;98838250M
Luciano Arce Segarra;22;93340476J
Joaquín Ramis Garmendia;33;27310157A
Fito Pelayo Lucas;39;28337563E
Custodio Millán Clemente;78;85258635G
Juan Luis Benavides Merino;25;60485796M
Viviana Gracia Coronado;51;15533090V
Alondra Vilanova Girón;36;34544697P
Jessica Marqués Adadia;32;94174247B
Rosalina Antúnez Toro;23;29778618N
Tania Marín Gibert;56;50284655P
Simón Girona Gimeno;52;98469060B
Consuela Verdú Valls;55;74807820K
Anastasia Barrena Olmo;37;19441929Y
Gala Barrera Lobo;67;23092278W
Omar Francisco Font;27;73239219C
Anunciación Llorens Rosell;69;34643588E
Gustavo Romero Grande;82;20403280A
Emilio Garcés Cantón;20;61786052W
Mar Pardo Bermejo;52;91760175L
Milagros Alcántara Ortega;88;72835650D
Constanza Carretero Torrijos;58;19798603L
Timoteo Calvo Plaza;51;99185373N
Concepción Calvo Camacho;26;57417505Y
Trini Carbonell Barceló;18;36644355L
Tadeo Leal Bustos;74;20285889G
África Lamas Blanca;22;88390936G
Irma Mariño Domínguez;24;28393463D
Amaro Coello Iniesta;41;15686967R
Úrsula Torre Segovia;48;88125588F
Jordi Nadal Esteban;87;46542628N
Asdrubal Salcedo Sanjuan;67;54260616M
Víctor Ródenas Baquero;69;22433125Y
Loreto Córdoba Suarez;27;71028839D
Evangelina Sastre Colomer;30;75002891Y
Ezequiel Ramírez Boada;46;68398048G
Ciro Valderrama Romero;58;71754407L
Zaira Cañete Herranz;53;49874259R
Juan Manuel Padilla Cortes;29;30551190Z
Jeremías Pinilla Cabanillas;59;28021738X
Ulises Badía Pintor;70;42697671B
Paula Teruel Corominas;75;38920634B
Melisa Palomares Buendía;79;81724073J
Pepito Castellanos Sandoval;47;23163895C
Bernardita Barragán Mir;33;69608570J
Elodia Garzón Nogueira;27;21409878Y
Paz Carbajo Palau;73;61727255Q
Tamara Martí Rosselló;52;74665187B
Hector Rivero Bilbao;52;55072887P
Quirino Cabañas Antúnez;53;91397812K
Pedro Rosado Verdugo;51;19328014X
Samuel Bustos Frías;66;78638507N
Adora Bolaños Martin;36;53192872J
Mercedes Cerezo Alcaraz;19;65895774S
Víctor Pons Parejo;80;83647580F
Narcisa Santana Amo;81;61506482C
Adelina Chaparro Fernández;76;32884302Y
Andrés Sala Adán;71;41042055G
Xavier Camacho Manrique;79;39373538E
Javiera Otero Rosa;49;64387956P
Leonel Becerra Zabala;46;41459926B
Maite Morera Amaya;42;95117783H
Berto Colom Fuentes;41;32772019D
Eliana Prats Llorens;71;55007011G
Mirta Abascal Arco;90;50829759N
Jose Francisco Morata Meléndez;90;48602151T
Lisandro Tomé Alvarez;25;12043851Q
Victoriano Sandoval Aroca;40;78046798R
Carlito Vilar Barros;90;10493430W
Fermín Carvajal Vilanova;89;96932913B
Manu Rincón Ramirez;90;93939591R
Samu Dominguez Marín;46;16864078H
Tomasa Andreu Cardona;43;63655873S
Otilia Rodrigo Macías;52;37782450M
Olga Vicens Abril;40;45975172N
José Hernando Antón;20;59974969P
Lino Belda Alcaraz;22;73983210F
Domitila Amor Balaguer;52;54602215P
Aníbal Ledesma Miralles;19;42588531Y
Nicolasa Peñalver Carbonell;76;83475271Z
Fabiola Planas Olivé;82;54885251Y
Gil Botella Bonilla;41;61297967T
Primitiva Bauzà Pont;67;87460525N
Armando Mínguez Mata;81;27815607M
Valero Acero Expósito;77;65853746P
Juan Carlos Heras Andreu;69;90754868L
Pedro Galindo Olivares;67;98034934X
Victorino Plaza Mas;45;41487154F
Marcos Marín Almansa;40;62504603X
Vicente Ledesma Flor;37;42275464S
Reina Carlos Ribes;41;47629574R
Liliana Aparicio Arias;38;63022105N
Manu Cañellas Bertrán;32;74802159H
Micaela Peiró Real;67;55528561Y
Quique Ferreras Rey;81;75799910Y
Urbano Lorenzo Macías;49;65780573K
Hernán Ordóñez Manso;25;51388699Y
Javiera Calvet Izquierdo;38;54067101N
Manolo Tamarit Barral;66;17417979X
Alejo Enríquez Ballester;35;35637382D
Ruperto Estrada Buendía;52;87471610B
Haydée Salamanca Pareja;43;19954365W
Mercedes Puente Sanmiguel;53;31378156S
Marina Tolosa Gracia;49;47918447V
Amelia Velázquez Millán;60;36475267G
Maristela Ferrando Somoza;79;70218643B
Fidel Soto Comas;25;30297798J
Lucila Julián Ugarte;89;56998314J
Héctor Pedro Cárdenas;82;48708922M
Bienvenida Berrocal Murcia;64;92559072B
Flavio Guijarro Marín;39;40431278S
Violeta Narváez Sacristán;88;63893394S
Lucio Sebastián Pomares;88;47553348C
Ainoa Quiroga Mascaró;61;10853776F
Clarisa Valenciano Guardiola;18;53663182L
José Mari Álvaro Novoa;23;11481815P
Berto Alberola Castell;21;91304004F
Quique Alcántara Donaire;74;52072953X
Tatiana Gaya Tomás;49;72714441X
Arcelia Sevilla Cuervo;67;62365786K
Loreto Pedraza Samper;75;61499383M
Epifanio Salinas Almazán;62;66925768T
Silvio Fortuny Gordillo;18;60373831G
Loreto Reig Cabo;47;33861111M
Anselmo Perelló Ramos;22;90319109H
Julián Corral Olivé;51;95968427F
Osvaldo Calzada Cerezo;53;20531456T
Anselmo Oller Barco;24;34453690N
Quirino Iniesta Saez;58;24973160J
Purificación Marin Salvador;20;98762620E
Pastora Vallés Riera;41;52029390D
Andrés Felipe Aparicio Figueroa;26;73338930A
Josué Tovar Amaya;48;12238467Y
Anselmo Rivera Cerezo;55;23254217K
Lola Amorós Llanos;77;63373821N
Moisés Tamarit Ribas;78;17410982M
Paca Ferrer Valenzuela;59;45675195R
Virginia Agustín Arellano;41;25914721T
Rocío Solé Mendizábal;86;16105512S
Nereida Pulido Sebastián;58;29853086Y
Bárbara Elorza Mínguez;44;55140579B
Adora Ricart Cervera;84;25492451X
Charo Coello Hoyos;51;98249210H
Amanda Jimenez Oliva;46;85950142Q
Ainoa Cáceres Coll;57;18914338N
Lupe Cervantes Casas;74;41734331A
Américo Galindo Porcel;74;75730444T
Calixto Barceló Molina;57;61005896Y
Amparo Sainz Ruano;70;73969494E
Casemiro Andrés Ballesteros;24;65059301Y
Chelo Sanz Ortiz;31;13510578X
Ágata Feliu Garzón;31;49129934W
Alberto Carrillo Ibarra;25;45506542F
Patricia Coloma Olivé;84;86061435N
Olga Fortuny Aguilera;44;49880412J
Blanca Gámez Moles;43;81769417R
Juliana Escolano Martínez;40;12206099E
Luisina Villalba Fuente;23;56726257T
Flor Bustos Mir;75;38157259Y
Isidora Pons Río;31;40095501S
Jorge Benet Nieto;23;17323098G
Griselda Villalba Perera;34;12315700M
Albert Albero Cánovas;60;39547623C
Aurelio Pacheco Ricart;43;81094644W
Amarilis Palmer Rey;89;12273032W
Jose Manuel Vilar Montes;48;11113489G
Encarnita Llorente Bermejo;67;34237102S
Cipriano Guardia Neira;89;43672257H
Patricia Porras Muñoz;19;48412685P
Josué Gilabert Manrique;21;14054659A
Noa Carballo Clavero;61;94310957D
Jose Manuel Benavent Orozco;32;42430219A
Noemí Acosta Diez;53;78062641C
Vicente Vendrell Belmonte;72;50467678C
Artemio Lasa Mancebo;56;29590160Q
Bernardita Sevilla Barceló;67;83800211X
Ángel Madrid Silva;81;19948604Z
Narciso Goñi Benavent;28;45168643R
Marita Palma Pomares;71;83781443X
Vinicio Tur Narváez;27;29110841V
Aurelia Alcalá Flores;89;80431152Z
Adriana Tirado Amat;44;39531536X
Iris Urrutia Calderon;23;80968415C
Aureliano Villalba Ripoll;90;31414169X
Adelina Fuente Ramírez;45;31517589E
Alma Cordero Cabo;83;65543655A
Inocencio Barrena Porcel;27;38817810C
Lorenza Guitart Sastre;61;89564628Y
Clementina Madrid Blanco;19;76856856X
Dolores Alarcón Manso;71;12981688M
Tamara Jordá Morera;66;66823234T
Hugo Giralt Saldaña;74;80174368W
Mar Vizcaíno Manzano;36;34659648M
Antonio Hoyos Jara;80;26094264M
Delfina Cabezas Melero;51;18324287A
Dominga Ordóñez Sedano;48;69555135F
Georgina Benito Tovar;25;69242297S
Brunilda Figuerola Moll;43;59929894J
Narcisa Gutierrez Vilanova;89;48056232D
Miguela Ariza Rodrigo;87;54870515J
Leandra Arrieta Herrero;58;69397768Y
Delia Buendía Cantero;56;59932611Q
José María Cervantes Céspedes;88;82758215Y
Miguel Villalba Martin;42;49771527X
Isaura Aznar Redondo;46;51034440Q
Estela Vélez Garrido;45;37166809M
Gastón Andrade Clemente;30;76830827V
Faustino Vilar Carbajo;37;85915618S
Anacleto Garriga Marín;70;43245339A
Pili Bayón Lara;24;72956790P
Adriana Torrijos Diez;39;15783436P
Ariadna Núñez Coca;43;17221769J
Candelaria Carvajal Mora;87;26490693Y
Rosendo Nuñez Arce;27;82202158C
Édgar Barba Bernad;29;36096151C
Hernán Moll Polo;33;62355945R
Dolores Martínez González;24;28505162C
Víctor Noguera Rivero;37;49742950E
Vanesa Valls Millán;43;29758692G
Saturnino Mínguez Malo;42;12037105D
Blanca Rodrigo Barral;77;34675266Y
Claudio Sáez Pazos;88;65779429G
Benita Duque Arregui;63;88728321W
Amparo Ordóñez Monreal;49;97178710F
Serafina Vigil Morera;83;93488494A
Benjamín Torre Olivera;59;71706895W
Roxana Esteban Toledo;72;17554802Y
Sol Palacio Luján;62;98392739G
Celestina Arranz Duarte;82;61642848L
Jordi Corominas Zorrilla;38;86645512G
Vasco Giner Riba;30;15286283T
Lorenza Lasa Mate;76;11334464H
Primitivo Mascaró Calzada;55;10130782H
Amarilis Pomares Franco;41;25576525L
Maricruz Sebastián Río;18;78311016H
Pancho Azcona Córdoba;67;55957471N
Luciana Alberto Palau;28;56404162C
Apolinar Torrecilla Roura;75;79232973C
Encarna Ferreras Pozuelo;48;40051094K
Germán Morante Briones;54;92935262J
Osvaldo Santamaría Perera;43;60303553Z
Isaura Montoya Jaén;88;34214339E
Joaquina Parejo Pozo;79;69586317R
Anabel Villegas Aparicio;50;49712786B
Eliana Pérez Tomás;22;90068697F
Inmaculada Granados Tomás;36;50562299L
Gil Jiménez Balaguer;86;68113756S
Gustavo Pedro Torralba;78;94609908Y
Amor Cuadrado Coloma;78;41600436Z
Gabriel Cuesta Escobar;83;99632568H
Diego Bauzà Ortuño;65;45087061T
Ileana Fonseca Garriga;69;91179901N
Chucho Ibañez Ayuso;51;87596616N
Vasco Lillo Tudela;60;55652403Q
Ambrosio Ribes Mendoza;77;54395039Q
María José Codina Criado;83;54154500B
Cintia Valls Garcés;83;87243013B
Isidro Llorente Saura;46;23266999S
Américo Sobrino Gomez;90;30810403V
Cándida Puga Sáez;81;24321621H
Edmundo Jordá Arnaiz;84;34839006D
Régulo Giner Roma;47;71222960X
Julieta Rozas Quintero;61;91574441X
Albano Peláez Cabrera;60;85801710A
Ariadna Melero Belda;49;26310620T
Felipe Sainz Guzman;65;70827671E
Rosalina Ávila Solís;80;60665572J
Abigaíl Bautista Agustín;68;45633463Z
Claudia Soto Piña;66;63426444B
Cloe Casas Ríos;26;36496139S
Benito Llano Domingo;85;11174133C
Jacinta Serra Cózar;66;61542846K
Candelario Sanmiguel Osuna;50;63860875H
Joan Delgado Anaya;50;30691897F
Lucía Valencia Vives;48;88759772N
Pía Cornejo Pina;18;44639720D
Loida Alegre Beltrán;83;45127716Z
Claudia Arjona Mariño;18;13010616E
Leandra Checa Cañellas;77;59350755Z
Jose Carlos Carpio Torres;24;22196261L
Daniela Carpio Batalla;42;40714566N
Montserrat Ricart Conesa;28;40147672E
Heliodoro Carbó Oliveras;34;59121247T
Josefa Coello Vigil;36;16660923E
Alejandra Robles Gallardo;29;73852663P
Tito Vendrell Vall;66;27369946S
Ángel Sedano Nicolau;55;98082340J
Marcos Julián Bueno;85;31494878N
Felipe Villar Villa;86;53334995L
Aitor Pedraza Alcolea;70;74005742E
Lope Folch Azorin;38;30171521Y
Roque Cabeza Rodriguez;50;26640325T
Bartolomé Marco Cózar;21;84827228P
Azeneth Sanmiguel Guardia;18;64877714G
Francisco Jose Aguilar Miguel;74;55012082S
Marisa Cabezas Armengol;63;46011092Y
Jose Angel Coloma Fernández;52;92718914A
Josep Adadia Estevez;27;67277715R
Albano Alfonso Luz;70;77458369G
Merche Cañas Zabala;77;84220199H
Marita Nieto Amo;27;36533943F
Severino Blanch Moles;47;55103719C
Dorita Abella Chaparro;20;50619408L
Alma Ureña Peláez;32;68004430P
Tomás Grande Maldonado;83;31759719P
Ricarda Gimeno Cárdenas;70;13495711R
Leocadio Llano Mendizábal;39;78396145R
Bárbara Palomar Pagès;25;72211940J
Modesto Lerma Lucena;33;68144558C
Felicidad Quirós Blanco;55;33863266K
Dominga Jaume Tamayo;22;91183192Z
Petrona Rodríguez Frutos;36;38896391X
Diana Laguna Balaguer;67;55459568J
Norberto Iborra Ruano;40;78420993D
Germán Bautista Simó;77;20758184V
Ignacio Rosselló Goñi;35;98711479X
Luis Miguel Izquierdo Salas;87;47937852X
León Campoy Fabra;81;72648385X
Ismael Rivas Fiol;44;13927271N
Severiano Ojeda Blazquez;19;64517662V
Emiliana Trujillo Cózar;90;88538630S
Trinidad Luján Villalobos;37;76600986S
Débora Pons Coloma;43;67820919Z
Guiomar Peiró Armengol;38;67011015D
Porfirio Guzmán Piquer;54;37969441Y
Bárbara Grau Ortega;56;15003494L
Clemente Castillo García;29;57602674W
Rodrigo Bernad Guillén;44;97259529G
Pascuala Águila Gracia;56;19759214Y
Morena Arnal Castell;79;12075923A
Felisa Luna Espinosa;54;70087207C
Trinidad Zabala Rojas;40;84184409Q
Eleuterio Calvet Bejarano;26;63295091B
Amaya Bello Cal;71;17276463J
Quique Díaz Pont;66;52042448A
Francisco Javier Castillo Talavera;51;16492555Z
Gloria Benet Alcalá;75;45653215D
Rufina Valderrama Fábregas;72;37349589G
Candelaria Moreno Corominas;73;26413007Z
Rocío Torrens Prats;69;40819271K
Odalys Villalonga Garrido;75;64646466K
Amalia Álvaro Valverde;48;60865084T
Samuel Luz Barreda;53;10540855R
Hugo Vendrell Lillo;80;62898528Z
Santiago Lastra Cárdenas;90;55566474S
Gisela Jáuregui Valero;32;47781469G
Francisco Jose Lucena Parra;61;48055706N
Amarilis Paniagua Cárdenas;36;85063602B
Benita Mateu Garmendia;71;76271392B
Celso Tudela Español;23;70305451V
José Luis Quintanilla Llabrés;21;23323502F
Fidel Franco Bilbao;26;41634326W
Feliciana Nogués Blanco;66;98666263N
Jorge Herrera Tamarit;27;11257958X
Rafaela Valenzuela Vilaplana;63;37648310R
Gracia Moya Morera;30;52593110E
Reyes Hernando Palomares;18;42046091K
Fabiana Roselló Escrivá;77;74534281K
Herberto Llopis Castejón;51;24765677J
Vilma Poza Soria;30;33719794T
Teodora Gascón Santamaría;53;30867688D
Guadalupe Gallardo Monreal;27;81537054F
Trinidad Daza Ribera;83;50376704B
Tatiana Manso Alemán;55;94141438T
Francisco Jose Mayoral Sales;32;54474392L
Ángel Giner Cantón;63;97592305Q
Felicia Sánchez Merino;44;20369602C
Sandra Mármol Tormo;58;21464473E
Camilo Badía Nogués;86;68436003D
Victorino Alfonso Calleja;54;64938223T
Cecilia Lucas Pagès;32;64825850M
Nieves Gelabert Arteaga;79;35778830F
Porfirio Clemente Pinilla;60;66471512V
Esmeralda Coronado Alberola;86;93131647R
Dalila Ramos Criado;79;30396672X
Hugo Pagès Lorenzo;18;33576581P
Jonatan Ortiz Romeu;56;44866909G
Victoria Alvarez Gámez;29;77620688N
Vito Carballo Puente;18;60243568J
Estela Román Ayuso;88;87382452R
Ambrosio Vélez Raya;51;34591618D
Marciano Gálvez Puerta;46;72594332F
Emperatriz Garcés Padilla;86;22421431L
Adrián Ferrán Luque;87;13499343E
Emilia Baró Valbuena;62;79430637E
Germán Alfonso Tudela;22;98748358C
Jorge Iborra Ricart;51;95269245W
Valentín Chamorro Cuesta;39;18970689J
Cruz Aguiló Boada;51;13506484X
Dolores Molina Laguna;35;75227017C
Concepción Pineda Cueto;74;77849835X
Enrique Campoy Perea;63;28824059E
Eva María Palomares Galiano;65;66068723G
Melania Roman Torrents;72;80385163W
Bernardita Amigó Exposito;78;74580157N
Yolanda Galan Belmonte;63;89384206L
Jacinta Ramón Matas;37;97556521C
Basilio Macías Cadenas;52;11505738B
Pastor Ledesma Requena;44;46980766T
Rufino Infante Lillo;60;75285012D
María Ángeles Carbajo Casares;60;73966013Z
Luís Vélez Escribano;83;48101492M
Aarón Tomas Alvarado;70;86733325A
Narciso Julián Querol;56;55487396B
Elpidio Cózar Machado;20;99392176E
Teo Cerezo Jaume;52;17337827J
Candela Salmerón Antón;37;50580096Z
Adán Canet Sabater;74;93145141V
Tomasa Vazquez Malo;45;44822986B
Leticia Suarez Herranz;75;68085814H
Adelaida Conde Álamo;53;31989614H
Ainoa Diego Vall;30;54006172X
Silvestre Calderón Martinez;50;11416797B
Feliciana Pombo Giménez;19;74558378Z
Aitana Rueda Niño;82;74403958Q
Eutimio Macias Herrera;81;18900612V
Maximiliano Guzmán Requena;37;81631510W
Miriam Arellano Olivé;31;58351059J
Isaura Ávila Rebollo;89;88829605V
Carmelo Viñas Sánchez;62;73417630C
Roberta Maza Andres;59;16555942J
Toño Busquets Rubio;33;75180273N
Carlota Aranda Leal;42;95794726W
Teófila Abad Casas;49;46751103S
María Luisa Diego Valverde;35;17431014G
Milagros Gaya Uribe;44;30666319M
Eva María Carrera Valverde;86;55399462Y
Marta Jara Vera;53;91471848C
Amílcar Vidal Torrecilla;89;55760118E
Carlos Vazquez Giralt;63;93068754J
Clarisa Juliá Escudero;82;72920343Q
Mateo Cuadrado Navarrete;44;39219886X
Rodolfo Goicoechea Ribas;57;37890223T
Cristóbal Aranda Uriarte;84;10000873J
Pablo Herranz Seco;72;28759187X
Zacarías Gaya Novoa;25;20893190J
Lorenza Gámez Donoso;59;33631873P
Ruy Zaragoza Gordillo;51;29838054Q
Olivia Cantón Carrera;43;85032281Q
Carmela Castro Trillo;38;75867746S
Cecilio Andrade Aguilera;82;29673623N
Vinicio Barranco Reyes;47;46999172Y
Eligia Barreda Páez;86;72681113D
Sabas Zamorano Ortuño;78;45251987Q
Anabel Iglesias Tamayo;52;84498579Y
Nereida Borrell Lorenzo;73;63454013A
Wilfredo Valera Palacio;19;42007151C
Ana Agustí Carbó;81;34291825K
Ramón Tamarit Tamarit;67;76973307N
Chuy Urrutia Prieto;51;63934007X
Adela Bravo Sotelo;42;95831355S
Marc Sanabria Menendez;23;13335904K
Emperatriz Bautista Carpio;45;54785710D
Cristian López Jáuregui;75;42637588G
Nazaret Corral Asensio;53;75618123B
Plácido Ortega Suarez;34;74515253Z
Charo Bayo Mariscal;50;44805567A
José Alberdi Arnau;69;18734073K
Eloísa Alsina Caballero;41;90383126A
Clarisa Gomis Bastida;39;32359390T
Herminia Garzón Jordá;29;72407476A
Julie Salgado Santiago;40;88609376J
Prudencio Cardona Amador;42;38172053B
Florentina Tejero Carvajal;54;39963173Y
Encarnacion Mascaró Ferrández;49;79887406B
Virginia Neira Manso;88;45153155S
Marisela Cerezo Pla;63;18080260Y
Enrique Peral Tapia;71;36728053C
Calista Carro Gras;32;45107199J
Ismael Múgica Verdú;25;72218403J
Alondra Llamas Mulet;24;43156181Q
Aureliano Pellicer Carreño;50;25267777T
Flor Alfonso Sanabria;30;19552493D
Edu Daza Ricart;64;81538420Q
Inocencio Martin Vara;36;58554697D
Dulce Benavides Lobato;21;80715603R
Federico Carrillo Santiago;40;54927883L
Eliseo Donoso Gisbert;38;37755246X
Plinio Oliver Salvador;47;91469309B
Atilio Mesa Neira;31;53031900H
Carmelo Zaragoza Amorós;26;89914311C
Leticia Dalmau Aguiló;37;82488629A
Casemiro Torrens Calderon;86;28008064K
Dionisia Fortuny Valls;38;88005843T
Celso Plaza Ocaña;39;21155111X
Azucena Querol Valera;69;53323321Y
Cebrián Martorell Nebot;42;70672518G
Malena Perea Vilar;27;58795930H
Nilda Sáez Sancho;63;43121906B
Leonardo Andres Mas;27;16459455B
Pelayo Jurado Agullo;60;31788306Y
Marita Palma Requena;87;76820600W
Teobaldo Saura Segovia;79;79254570C
Emiliana Maza Carbonell;69;96706201X
Ciro Frías Seco;33;27120262L
Dora Prats Gárate;84;94930538Q
Heriberto Mayoral Aparicio;45;67109537E
Venceslás Sedano Rosado;88;47863059J
Xiomara Checa Donaire;88;41533675E
Ariel Villaverde Elorza;87;63769525R
Venceslás Blazquez Duque;75;48019687B
Susana Villalba Ayllón;77;89506306N
María Del Carmen Pazos Pavón;54;55794990A
Nico Arranz Sebastián;49;60159626K
Mariano Torrecilla Agustín;85;93003352T
Máximo Ibañez Jaume;55;81130844T
Norberto Nadal Cabo;38;16248757Q
Cándido Abascal Ros;82;63619215L
Ciriaco Bermudez Mínguez;61;40165390F
Isidora Lumbreras Mascaró;34;45957297P
María Jesús Carbó Herrero;36;44499077B
Fidela Catalán Orozco;60;34156060W
Simón Alvarez Vazquez;49;54639557K
Álvaro Tamayo Huguet;51;71051889J
Teo Sastre Castilla;72;97368393D
Teo Olivé Narváez;19;89312628V
Bernabé Pera Plana;34;74938510W
Agustina Gilabert Belmonte;56;11270627Y
Pancho Palmer Torralba;43;71185570H
Eusebia Ribas Real;56;34074664A
Cristina Castells Portillo;18;32215702Q
Camilo Nicolau Patiño;38;75268264M
Beatriz Simó Juárez;21;73776302F
Yaiza Córdoba Noriega;81;18761141H
Loreto Gracia Rocamora;19;44047873K
Josefa Toledo Hidalgo;20;62425303Z
Ángel Donoso Alcolea;43;16747852B
Berto Cal Blasco;19;94564929S
Darío Canet Roig;21;84144487E
Silvestre Barroso Guardiola;20;88719064Z
Eladio Maldonado Español;42;95182488R
Maite Gallo Seco;89;48493439D
Saturnino Jordán Acedo;42;93967900C
Chema Adadia Elías;41;13756182C
Modesta Castro Bernat;87;53226167G
Ovidio Izquierdo Jara;87;72976244G
Eladio Coca Llorens;90;75130236T
Otilia Yáñez Mendoza;27;32901001F
Nazaret Calzada Font;19;34836957F
Edmundo Mir Plaza;70;17578580W
Angelino Herrera Requena;62;96643807S
Etelvina Guardiola Corominas;30;60130418T
Noemí Padilla Manuel;69;33263699H
Nicodemo Gomis Mate;66;64253496Y
Victor Manuel Ropero Zamora;72;94395250F
María Ángeles Bolaños Ariza;81;86065916P
Isidro Borrego Gimeno;49;44141442A
Tecla Esteban Espejo;88;76886219W
Onofre Quiroga Mateos;38;51894540P
Ana Cobo Marti;26;81915171G
Carlota Rocha Mur;56;96839757M
Eustaquio Campoy Domingo;71;95634165G
María Ródenas Acevedo;25;88985675D
Luis Vilalta Pina;81;44283924T
Otilia Carrasco Pascual;53;34903877C
Isidora Sandoval Manuel;33;77547494G
Isaías Mur Rubio;90;69333153K
Lucía Asensio Montalbán;68;67120914Z
Olivia Cuéllar Nicolau;64;12203056S
Edelmiro Escudero Avilés;74;32065128T
Severiano Iborra Rueda;30;29014974Z
Fortunato Millán Castillo;86;22171380R
Lucas Cañizares Calvet;80;64930267W
María José Melero Acevedo;26;42743822R
Anunciación Palau Hurtado;72;18908872C
Corona Torres Camino;77;15317502P
Nicolás Miralles Quero;50;62097423E
Efraín Malo Blanca;87;92400824A
Marisela Blanco Pol;34;80323486B
Toño Piñol Cabañas;25;55542770R
Jose Carrión Alberto;84;36902959B
Benjamín Márquez Perales;56;77547430D
Eligia Villar Comas;61;10804945M
Clotilde Luís Sedano;63;82439835S
Ainoa Ferrández Salamanca;64;94456927K
Consuelo Morante Amigó;86;21498017D
Maristela Isern Calderon;49;56889173F
Rosalva Iñiguez Amador;85;86420605Z
Wálter Salamanca Ribes;19;66249544E
Ignacio Garriga Font;39;67971070K
Haydée Marcos Corominas;40;45132830E
Ángela Real Nicolás;89;14649616L
Bruno Royo Valverde;75;87171601Z
Mirta Sanmiguel Guzman;88;33753204Z
Jesusa Alonso Poza;87;69109118Y
Vera Bastida Angulo;36;98778182J
Tere Perera Arana;64;25211944B
Nereida Girón Llabrés;89;75818011Y
Otilia Montaña Roldán;71;37529451Y
Cecilio Lucena Infante;62;76121571N
Aristides Huerta Cervera;76;52797807L
Salomón Raya Amorós;41;45196757D
Pastor Ferrández Abril;75;88305356F
Hernando Oliva Ballesteros;52;45919983T
Tristán Arco Mendoza;20;37653395A
Sebastián Pelayo Arregui;66;45789043E
Corona Matas Roig;31;51827874L
Ximena Parra Cabrero;77;12140786Y
Ceferino Guzmán Manzanares;88;83747771X
Elodia Iglesia Canals;42;98030536M
Juan Francisco Andres López;57;65129353T
Rosalina Guijarro Aliaga;82;22854698N
Juan José Clemente Barros;39;86308636D
Cesar Montenegro Badía;50;58740383Q
Cristóbal Canet Núñez;77;52569908G
Francisco Báez Ochoa;65;64355581V
Rosalina Requena Menendez;34;15571591Q
Jose Angel Alcalde Salvà;66;50417224M
Sonia Juan Donoso;86;18811527B
Eulalia Goñi Bastida;87;16585647W
Chelo Marco Barrera;60;35428724F
Epifanio Quero Coll;46;41048248X
Benita Vargas Arnau;68;62477831X
Julieta Revilla Barreda;84;23096720M
Guadalupe Gonzalo Espada;77;26434065G
Xiomara Río Antúnez;42;74175360S
Aníbal Baeza Adán;28;43707856J
Teodoro Rojas Merino;53;98421249V
Carmelita Girón Acevedo;66;78843198A
Débora Iniesta Rodríguez;20;66146604F
Juanita Barriga Haro;62;66811944A
Ruperto Ramirez Mateu;84;22625891D
Rafaela Fuertes Grau;83;13238168N
Benito Monreal Pulido;65;52033917M
Vanesa Alegria Quero;55;92796809C
Consuela Cepeda Navarrete;81;61258413Y
Trini Bartolomé Abella;35;91512536K
Selena Múgica Revilla;55;86968813V
Juan Bautista Amo Esteve;74;94018481R
Febe Casal Linares;81;64185443X
Jose Miguel Marcos Salgado;55;26132353Y
Gonzalo Mayo Cordero;70;33795830K
Dorita Gimeno Barceló;58;60322466K
Nacio Aguiló Alsina;65;31299711T
Eduardo Batlle Pi;62;17209221T
Damián Llamas Girón;30;33120893L
Alondra Linares Tomás;83;62828782G
Octavia Iglesia Mayo;54;71405220H
Eusebio Bejarano Soto;38;87046564M
Fito Serna Amador;53;27071764M
Bienvenida Márquez Gascón;55;85252480J
Rosaura Montaña León;43;40657456B
Olivia Corbacho Pino;59;11635182B
América Vicente Carrasco;19;72467737G
Leonel Ródenas Pedrero;62;90944861D
Maricruz Gras Cabo;83;64888467Q
Bartolomé Salmerón Estévez;30;92557806X
Isidora Pacheco Valentín;31;97765120D
Marisela Lorenzo Estévez;56;99618659R
Tristán Nicolás Mariño;30;12752707N
Chucho Seguí Seguí;61;38615843Q
Mireia Adán Domingo;85;41933646T
Maxi Rivas Rivera;72;55290400X
Edgardo Méndez Salmerón;19;81426406N
María Fernanda Daza Ramos;19;86268461S
Heraclio Blanca Carrión;55;88120940M
Miriam Lorenzo León;81;81063460Y
Geraldo Cruz Real;41;29207873N
Melisa Pelayo Lloret;52;81474110Z
Reinaldo Arévalo Vallejo;36;76264157K
Nicolás Roselló Segura;66;92815344V
Mariano Castelló Belmonte;76;58338395E
Óscar Monreal Iglesia;62;81036245T
Merche Martorell Alcázar;57;88295320E
Pío Robledo Plaza;64;30865407M
Román Sanchez Osorio;23;51029924P
Ariel Porras Puente;35;64961835Z
Vicenta Tolosa Alcaraz;38;91927018C
Pacífica Gómez Aramburu;26;17488123G
Mayte Pintor Niño;82;83193217D
Haydée Navarro Planas;52;72196161N
Pascual Barrera Peñalver;78;21415727J
Bárbara Pallarès Chico;28;66792054P
Calixto Perez Dueñas;69;82753946S
Basilio Soriano Palacios;32;34879194Q
Rosaura Villanueva Pujadas;42;24410816L
Salvador Vega Aragón;54;61560545X
Paulina Pagès Leal;89;83583457P
Rocío Segovia Marqués;37;83546704D
Jerónimo Manzano Arroyo;82;25293608W
Juan José Almazán Flores;86;93480353G
Manuel Lobato Peñalver;37;53230077G
Miriam Santiago Santiago;84;83540198N
Ruben Sedano Portero;71;58370095M
Aránzazu Casanova Echeverría;51;83512395Q
Lourdes Andrés Aller;67;43383198T
Juanita Palau Falcó;79;12870897M
Roldán Ocaña Mayol;48;51337597X
Iván Valbuena Silva;62;15640234G
Aníbal Gonzalez Cabezas;56;52210633N
Flora Goñi Morera;85;23033224N
Sarita Zamora Uría;51;79164415W
Hugo Gámez Acosta;81;85185441L
Albino Mariño Arnaiz;25;28488371L
Severo Torrijos Sevillano;71;24506324P
Leopoldo Yuste Tolosa;32;38259840F
Laura Fuentes Fuentes;80;88154096H
Angelita Benito Benavente;71;99974130F
Ovidio Lamas Calderon;50;16269118E
Ciríaco Ferreras Hernando;68;61413184X
Joaquina Luna Arroyo;44;16377773W
Clarisa González Casas;61;25300710C
Anacleto Izquierdo Barco;66;24062052G
Agustín Nogués Bonet;35;74154947A
Florencia Arias Jimenez;32;40052135G
Germán Pons Ramírez;22;75080982N
Heraclio Alberdi Rubio;31;88660629E
Victorino Saez Jordán;25;15848937M
Ciriaco Talavera Vara;49;88403677A
Violeta Miguel Escolano;26;30591764Q
Ángeles Mendizábal Manzano;90;29483498M
Conrado Grande Montenegro;25;23003282Q
Mayte Martin Rivero;82;70420758W
Amada Patiño Bueno;79;76504105X
Epifanio Alemany Ropero;43;50167450B
Regina Cortés Arana;89;78032644S
Ágata Garriga Yáñez;45;59340728S
Tito Calzada Losa;27;85006914H
Lupita Tamarit Torres;73;15318404J
Marisela Noguera Rios;19;86560877D
Teobaldo Posada Monreal;77;35367947L
Jose Ignacio Murcia Valenzuela;56;38054983B
Américo Vazquez Maza;49;32000547A
Adelaida Navarrete Cal;20;35648613Q
Teófilo Rocamora Nicolau;45;82530361J
Xavier Lorenzo Almeida;21;77819711Q
Porfirio Requena Zurita;50;72032311Z
Esmeralda Casado Guardiola;84;44304148F
Tadeo Bárcena Franco;60;64236902H
Lilia Llanos Hervia;30;91367442B
Sergio Arribas Ferrer;78;73415426R
Chucho Sala Gargallo;67;83471721Y
Isabela Alvarez Losada;56;85255243Q
Cruz Cortés Bernat;33;70743534L
Juan Manuel Varela Gabaldón;87;27309226S
Lorenzo Vall Puig;23;52027100L
Adrián Durán Agustín;42;42757317H
Julio César Pulido Agustí;30;17642757D
Reina Fortuny Zabala;32;79598059G
Patricio Ródenas Juan;44;57775686P
Quique Cabrera Gracia;39;25156180E
Judith Matas Rebollo;27;81635098W
Gloria Millán Campos;40;38673934D
Haroldo Palau Duarte;22;75471157S
Sabas Lucena Villena;57;66035548H
Paco Tejedor Cuadrado;86;33482046A
Xiomara Ribas Tello;64;89534625H
Raúl Berenguer Somoza;73;65945461E
Felisa Posada Tomas;20;47119456T
Gil Garcés Linares;88;54385165D
Inocencio Cordero Corominas;34;84998260N
Blas Garmendia Roig;88;81004987E
Brígida Uriarte Ayala;38;35587329G
Inmaculada Nogueira Pizarro;59;84383237D
Leonardo Vizcaíno Robledo;68;49917807X
Nando Trillo Malo;46;67728773Y
Andrés España Losa;61;38870002W
Antonio Caro Arana;55;66444965N
Curro Perez Paredes;46;90439914G
Marino Carlos Pagès;27;73667061Q
Anunciación Durán Pedrosa;32;89051551J
Marino Cisneros González;58;23319137N
Yolanda Fuertes Diéguez;55;49878982D
Leticia Casas Herranz;88;62318690Y
Cándida Ramírez Tur;27;72417545K
Galo Alcalde Agustí;86;35382549Q
Néstor Codina Osorio;58;92235604S
Eva María Pellicer Aroca;48;78814431D
Eladio Rocha Hidalgo;69;30603447S
Nerea Verdú Manrique;50;59808153B
Eladio Benavent España;42;75632649R
Rosario Puente Alvarado;61;13487186D
Sabina Vargas Abril;49;18203812W
Luciano Arregui Castrillo;26;40262910F
Federico Prada Hoz;39;90850343K
Rosalva Romeu Rodríguez;87;41246820T
Florinda Andrade Aguiló;38;23034872G
Venceslás Ochoa Montalbán;46;58453163C
Manuela Torralba Ferrándiz;75;59589770J
Mohamed Salvador Otero;33;60906477Q
Perla Millán Carrasco;88;95944703L
Kike Rebollo Peiró;54;78234634L
Lorena Carrillo Llopis;25;66545699Y
Fortunata Donaire Méndez;53;23776363K
Loreto Andrés Roldán;55;25083222C
Gerardo Llopis Alsina;79;55648503A
Carina Alberdi Osuna;80;75830444L
Adán Córdoba Bello;31;91457304N
Manuelita Alegre Pino;65;36656171J
Luis Miguel Bru Malo;48;45602575S
Trinidad Francisco Cabanillas;87;60059802V
Virgilio Abascal Fabra;29;22029844F
Camila Mosquera Soria;20;15397686Z
Domitila Domínguez Bautista;20;73293060H
Inés Méndez Gámez;27;98882964F
Emelina Gallardo Llobet;40;85752396R
Cristóbal Jimenez Pérez;72;90829166G
Yéssica Porta Pallarès;36;31096315Q
Macarena Rodríguez Barros;83;85792050A
Saturnino Cases Valdés;33;26770111C
Amaya Alsina Camino;85;59600369D
Faustino Palacio Cantero;20;71773216Z
Amancio Boada Figueroa;79;62264970Z
Corona Ureña Aranda;79;64776889B
Rosario Llamas Barceló;41;92224237X
Martirio Arco Puga;26;50244996R
Eligia Armas Campillo;60;21779976B
Etelvina Bilbao Feliu;46;31752871Z
Belen Caparrós Figueras;26;13532133Z
Basilio Criado Segura;19;69753828A
Gaspar Río Duarte;67;14278166L
Eloy Ojeda Tejada;58;88795959C
Carolina Villanueva Amorós;90;77114838R
Carmen Cáceres Peral;60;73997903A
Ciriaco Solé Conesa;56;35857409H
Iker Aragonés Martín;58;72113686S
Basilio Blázquez Ferrer;61;73576043D
Tatiana Toro Franch;29;82970870A
Albina Gimeno Arregui;78;52081787N
Trinidad Albero Campo;44;71695587X
Perlita Llabrés Quiroga;35;24515355T
Tamara Estevez Trillo;70;39348588G
Morena Montserrat Osuna;21;74632492E
Fidela Ferrán Morata;86;95826315N
Florinda Colomer Barreda;43;88586026P
Verónica Navarro Bertrán;55;62404186B
Wilfredo Rosa Nadal;41;86035731E
Visitación Pavón Alfonso;40;12146467Y
Julie Llorente Prats;64;86221448Z
Estela Palomino Portillo;19;81744899R
Atilio Colomer Delgado;19;19723543P
Natanael Perea Barba;65;75229248C
Emiliano Cruz Rodríguez;74;62141041D
Micaela Ballesteros Piña;73;79572874G
Azeneth Terrón Rosell;63;70448839T
Angelino Giralt Salvà;62;84957068J
Dan Gilabert Sierra;24;94529053L
Francisco Jose Cerdá Carbajo;43;50357240M
Norberto Sabater Román;30;26853540M
Anunciación Sans Acero;76;31057508X
Osvaldo Alcaraz Antón;77;76624230Y
Maura Alonso Alegria;53;98680910P
Gaspar Velázquez Chamorro;54;87095801E
Manu Jaén Martinez;45;38070852X
Iker Batlle Arcos;35;62366383C
Cándida Donaire Martinez;69;33851980M
Heriberto González Calderón;26;27350159P
Ruth Roldán Abril;58;51627251W
Domitila Lozano Peñas;84;61600273V
Micaela Cantón Uribe;53;58401693R
Salomé Arranz Torrent;18;27166356K
Duilio Pedrero Raya;73;76769391Z
Bernabé Anaya Álamo;66;89070651T
Cristóbal Guillen Jordá;78;33911819K
Dominga Morante Luján;48;54939041E
Salomón Carpio Aparicio;23;69880420A
Susanita Vila Dueñas;42;45046317N
Rosalva Carranza Chaparro;54;82749719C
María Cristina Díez Flores;34;17582527Q
Curro Ramón Ropero;55;87422771R
Eligia Ibáñez Villalobos;87;56284506X
Quirino Alcaraz Vigil;27;83928451W
Héctor Pardo Blasco;18;12508680S
Josefa Cabanillas Paz;42;74398931A
Juan José Larrañaga Casas;76;82734904V
Eleuterio Campillo Catalá;34;19433702J
Eutimio Andrade Buendía;51;44093009P
Paca Granados Ripoll;50;24975490C
Lidia Castejón Frutos;47;78609128G
Vilma Porcel Isern;90;57066872P
Marcela Mendizábal Trujillo;66;97714257E
Borja Nadal Reyes;18;97252223N
Victor Manuel Benavides Pablo;73;42305736L
Santos Tapia Rivas;36;35997698F
Nadia Tena Colom;70;54324618K
Renata Bellido Feliu;32;93630706Y
Flavia Almeida Guitart;71;33576473S
Salvador Vicens Palomo;32;84687009C
Federico Gibert Bas;48;24063147H
Pastor Perales Baeza;30;35933222T
Jose Carlos Dalmau Codina;82;34304336C
Reyes Chacón Roura;34;26290343D
Estefanía Figueras Pardo;41;41479019Z
Marisela Bayón Cardona;86;64955394J
Marcial Batlle Porras;23;70833525B
Epifanio Mateo Cervantes;56;51087338Z
Lupita Polo Macias;48;53576077S
África Bonet Leal;82;91366093L
Sabina Rico Grande;33;38726481R
Onofre Hidalgo Donaire;83;25232755F
Belen Campoy Molins;67;61193984T
Anselmo Adán Isern;32;30417203W
Laura Mayol Mariño;72;73024166V
Alondra Hernando Pedraza;64;95848549M
Berto Barriga Echeverría;64;36898889N
Vicenta Taboada Cueto;83;74263655J
Natalia Cid Batlle;76;26627183Z
Galo Blanca Raya;81;32851786N
Ana Belén Vives Cuervo;33;10402094E
Paula Juliá Leal;73;42338373L
Alejandra Mateos Amat;29;16327252N
Mohamed Pujadas Cerdán;58;21668184E
Alfredo Tejero Aller;71;93458092F
Itziar Arteaga Lamas;61;61022022D
Heriberto Hoz Cepeda;24;74654784G
Venceslás Montes Tamarit;20;47357260F
Fanny Bonilla Carlos;90;10624876A
Florinda Esteve Bernal;27;16626782J
Adora Posada Bueno;54;93082543W
Basilio Menendez Valderrama;57;99270404N
Saturnino Gutierrez Córdoba;46;66209499C
Viviana Villanueva Pomares;75;32085797S
Dionisio Manuel Lumbreras;28;33746515H
Fabricio Jaume Morcillo;44;97967391H
Feliciano Ariño Aguado;68;64803002L
Almudena Montesinos Maza;77;73458676B
Adolfo Cabañas Cortes;40;18119153Y
Cándida Goñi Miró;60;18333206K
Severo Calleja Téllez;83;45277857B
Abel Zabala Sarabia;33;22413667Y
Juan Antonio Moll Moll;53;71696322D
Albert Menendez Camino;47;52418783N
Rosa María Tur Godoy;65;46619464M
Griselda Pintor Tapia;77;46880286F
Gabriel López Llabrés;40;58146436K
Sabas Cánovas Benítez;89;49001086T
Fernanda Bejarano Bonet;40;45437285A
Lorena Ponce Roldán;90;69748357Y
Isidora Cortes Folch;69;63504068X
Obdulia Tejada Lucena;47;92225896J
Clímaco Salom Osorio;57;83737695P
Trinidad Querol Albero;67;57052933F
Pancho Trillo Izquierdo;63;34449614F
Juan Luis Villena Álvaro;50;17641626M
Ariel Santos Vilalta;48;45548361N
Gastón Rosado Prieto;74;56026622W
Macaria Lladó Cabo;42;57209550V
Guillermo Fuente Taboada;58;22347595J
Joaquín Conde Perera;18;54836458L
Armando Cardona Criado;56;80211988V
Sonia Cabezas Iglesia;62;12939049P
Jacinto Medina Sanabria;28;40333654A
Conrado Palau Paredes;60;68619716K
Emperatriz Tapia Cárdenas;81;59766844X
Lope Ayala Pizarro;26;48622962L
Maricela Pizarro Montserrat;53;38316139W
Laura Narváez Leal;36;79840819E
